{
  "Linear Regression": {
    "MSE": 0.0018353513378329663,
    "MAE": 0.02762216943902604,
    "R2": 0.9980970848569353,
    "Coefficients": {
      "Global_reactive_power": -0.13467375472364063,
      "Voltage": 0.004226413837795373,
      "Global_intensity": 0.23648342189243748,
      "Sub_metering_1": -0.0004181005177230565,
      "Sub_metering_2": -0.000528228672468288,
      "Sub_metering_3": 0.002176165004180032,
      "Hour": 0.0003801343372159885,
      "DayOfWeek": 0.00017973713087285174,
      "Month": 1.01888168887306e-05,
      "IsWeekend": -0.00027551005944314363
    },
    "Intercept": -1.0209179633071945
  }
}